{
    "meta": {
        "obj_cat": "cabinet",
        "depth": 1,
        "n_arti_parts": 4,
        "n_revolute": 1,
        "n_continuous": 0,
        "n_prismatic": 0,
        "n_screw": 0,
        "n_diff_parts": 9,
        "tree_hash": "8eeca00e9c65c3f57b5ad2ee91f01cf2"
    },
    "diffuse_tree": [
        {
            "id": 0,
            "parent": 8,
            "name": "drawer",
            "children": [
                4
            ],
            "joint": {
                "type": "prismatic",
                "range": [
                    0.0,
                    0.3289549482730647
                ],
                "axis": {
                    "origin": [
                        -0.332557,
                        0.457134,
                        0.298298
                    ],
                    "direction": [
                        0.0,
                        0.0,
                        1.0
                    ]
                }
            },
            "objs": [
                "objs/B07QD6V13M_part_2.obj"
            ],
            "aabb": {
                "center": [
                    -0.332556905,
                    0.45713427500000003,
                    0.008807445000000025
                ],
                "size": [
                    0.6209495700000001,
                    0.30407601,
                    0.5921189099999999
                ]
            },
            "plys": [
                "plys/B07QD6V13M_part_2.ply"
            ]
        },
        {
            "id": 1,
            "parent": 8,
            "name": "drawer",
            "children": [
                5
            ],
            "joint": {
                "type": "prismatic",
                "range": [
                    0.0007365669538908817,
                    0.43343992671661
                ],
                "axis": {
                    "origin": [
                        -0.332557,
                        0.149785,
                        0.298298
                    ],
                    "direction": [
                        0.0,
                        0.0,
                        1.0
                    ]
                }
            },
            "objs": [
                "objs/B07QD6V13M_part_3.obj"
            ],
            "aabb": {
                "center": [
                    -0.332556905,
                    0.14978498,
                    0.008807445000000025
                ],
                "size": [
                    0.6209495700000001,
                    0.30464696,
                    0.5921189099999999
                ]
            },
            "plys": [
                "plys/B07QD6V13M_part_3.ply"
            ]
        },
        {
            "id": 2,
            "parent": 8,
            "name": "drawer",
            "children": [
                6
            ],
            "joint": {
                "type": "prismatic",
                "range": [
                    0.0,
                    0.3289549482730647
                ],
                "axis": {
                    "origin": [
                        -0.332557,
                        -0.158158,
                        0.298298
                    ],
                    "direction": [
                        0.0,
                        0.0,
                        1.0
                    ]
                }
            },
            "objs": [
                "objs/B07QD6V13M_part_4.obj"
            ],
            "aabb": {
                "center": [
                    -0.332556905,
                    -0.15815833,
                    0.008807445000000025
                ],
                "size": [
                    0.6209495700000001,
                    0.3054859,
                    0.5921189099999999
                ]
            },
            "plys": [
                "plys/B07QD6V13M_part_4.ply"
            ]
        },
        {
            "id": 3,
            "parent": 8,
            "name": "door",
            "children": [
                7
            ],
            "joint": {
                "type": "revolute",
                "range": [
                    0.0,
                    90.0
                ],
                "axis": {
                    "origin": [
                        0.643747,
                        0.149109,
                        0.29168
                    ],
                    "direction": [
                        0.0,
                        1.0,
                        0.0
                    ]
                }
            },
            "objs": [
                "objs/B07QD6V13M_part_5.obj"
            ],
            "aabb": {
                "center": [
                    0.332802035,
                    0.14910857499999997,
                    0.29829820500000004
                ],
                "size": [
                    0.6251136899999999,
                    0.92243601,
                    0.013237149999999975
                ]
            },
            "plys": [
                "plys/B07QD6V13M_part_5.ply"
            ]
        },
        {
            "id": 4,
            "parent": 0,
            "name": "knob",
            "children": [],
            "joint": {
                "type": "fixed",
                "range": [
                    0,
                    0.0
                ],
                "axis": {
                    "origin": [
                        0.0,
                        0.0,
                        0.0
                    ],
                    "direction": [
                        0.0,
                        0.0,
                        0.0
                    ]
                }
            },
            "objs": [
                "objs/B07QD6V13M_part_6.obj"
            ],
            "aabb": {
                "center": [
                    -0.32920208500000003,
                    0.45604515999999995,
                    0.32136133
                ],
                "size": [
                    0.029241690000000042,
                    0.029241459999999997,
                    0.03587686000000001
                ]
            },
            "plys": [
                "plys/B07QD6V13M_part_6.ply"
            ]
        },
        {
            "id": 5,
            "parent": 1,
            "name": "knob",
            "children": [],
            "joint": {
                "type": "fixed",
                "range": [
                    0,
                    0.0
                ],
                "axis": {
                    "origin": [
                        0.0,
                        0.0,
                        0.0
                    ],
                    "direction": [
                        0.0,
                        0.0,
                        0.0
                    ]
                }
            },
            "objs": [
                "objs/B07QD6V13M_part_7.obj"
            ],
            "aabb": {
                "center": [
                    -0.32920208500000003,
                    0.15052917,
                    0.32136133
                ],
                "size": [
                    0.029241690000000042,
                    0.029241660000000003,
                    0.03587686000000001
                ]
            },
            "plys": [
                "plys/B07QD6V13M_part_7.ply"
            ]
        },
        {
            "id": 6,
            "parent": 2,
            "name": "knob",
            "children": [],
            "joint": {
                "type": "fixed",
                "range": [
                    0,
                    0.0
                ],
                "axis": {
                    "origin": [
                        0.0,
                        0.0,
                        0.0
                    ],
                    "direction": [
                        0.0,
                        0.0,
                        0.0
                    ]
                }
            },