{
    "meta": {
        "obj_cat": "armoire",
        "depth": 1,
        "n_arti_parts": 6,
        "n_revolute": 3,
        "n_continuous": 0,
        "n_prismatic": 0,
        "n_screw": 0,
        "n_diff_parts": 13,
        "tree_hash": "5882ef2a5207a807df6cf4df05126f1b"
    },
    "diffuse_tree": [
        {
            "id": 0,
            "parent": 12,
            "name": "door",
            "children": [
                6
            ],
            "joint": {
                "type": "revolute",
                "range": [
                    0.0,
                    90.0
                ],
                "axis": {
                    "origin": [
                        0.466954,
                        0.025014,
                        0.195926
                    ],
                    "direction": [
                        0.0,
                        1.0,
                        0.0
                    ]
                }
            },
            "objs": [
                "objs/16b93d86d1a466f5982e60c8d322ddd8f312056e_part_1.obj"
            ],
            "aabb": {
                "center": [
                    0.31821516,
                    0.025014480000000006,
                    0.205406335
                ],
                "size": [
                    0.29747824,
                    1.57955002,
                    0.018961630000000007
                ]
            },
            "plys": [
                "plys/16b93d86d1a466f5982e60c8d322ddd8f312056e_part_1.ply"
            ]
        },
        {
            "id": 1,
            "parent": 12,
            "name": "door",
            "children": [
                7
            ],
            "joint": {
                "type": "revolute",
                "range": [
                    0.0,
                    90.0
                ],
                "axis": {
                    "origin": [
                        0.149495,
                        0.280232,
                        0.195926
                    ],
                    "direction": [
                        0.0,
                        1.0,
                        0.0
                    ]
                }
            },
            "objs": [
                "objs/16b93d86d1a466f5982e60c8d322ddd8f312056e_part_2.obj"
            ],
            "aabb": {
                "center": [
                    -0.004224124999999995,
                    0.28023205,
                    0.205406295
                ],
                "size": [
                    0.30743833,
                    1.0691146599999999,
                    0.018961649999999997
                ]
            },
            "plys": [
                "plys/16b93d86d1a466f5982e60c8d322ddd8f312056e_part_2.ply"
            ]
        },
        {
            "id": 2,
            "parent": 12,
            "name": "door",
            "children": [
                8
            ],
            "joint": {
                "type": "revolute",
                "range": [
                    0.0,
                    90.0
                ],
                "axis": {
                    "origin": [
                        -0.467653,
                        0.280232,
                        0.195925
                    ],
                    "direction": [
                        0.0,
                        -1.0,
                        0.0
                    ]
                }
            },
            "objs": [
                "objs/16b93d86d1a466f5982e60c8d322ddd8f312056e_part_3.obj"
            ],
            "aabb": {
                "center": [
                    -0.313934335,
                    0.28023202,
                    0.20540624
                ],
                "size": [
                    0.30743833,
                    1.06911472,
                    0.018961640000000002
                ]
            },
            "plys": [
                "plys/16b93d86d1a466f5982e60c8d322ddd8f312056e_part_3.ply"
            ]
        },
        {
            "id": 3,
            "parent": 12,
            "name": "drawer",
            "children": [
                9
            ],
            "joint": {
                "type": "prismatic",
                "range": [
                    0.0,
                    0.23255794733100205
                ],
                "axis": {
                    "origin": [
                        -0.158508,
                        -0.35668,
                        0.205406
                    ],
                    "direction": [
                        -0.0,
                        0.0,
                        1.0
                    ]
                }
            },
            "objs": [
                "objs/16b93d86d1a466f5982e60c8d322ddd8f312056e_part_4.obj"
            ],
            "aabb": {
                "center": [
                    -0.158507885,
                    -0.35668022499999996,
                    0.005584859999999997
                ],
                "size": [
                    0.6182908899999999,
                    0.15955440999999998,
                    0.4186044
                ]
            },
            "plys": [
                "plys/16b93d86d1a466f5982e60c8d322ddd8f312056e_part_4.ply"
            ]
        },
        {
            "id": 4,
            "parent": 12,
            "name": "drawer",
            "children": [
                10
            ],
            "joint": {
                "type": "prismatic",
                "range": [
                    0.0,
                    0.23255794733099958
                ],
                "axis": {
                    "origin": [
                        -0.158508,
                        -0.520511,
                        0.205406
                    ],
                    "direction": [
                        -0.0,
                        0.0,
                        1.0
                    ]
                }
            },
            "objs": [
                "objs/16b93d86d1a466f5982e60c8d322ddd8f312056e_part_5.obj"
            ],
            "aabb": {
                "center": [
                    -0.158507845,
                    -0.520510915,
                    0.005584859999999997
                ],
                "size": [
                    0.61829087,
                    0.15955439000000005,
                    0.4186044
                ]
            },
            "plys": [
                "plys/16b93d86d1a466f5982e60c8d322ddd8f312056e_part_5.ply"
            ]
        },
        {
            "id": 5,
            "parent": 12,
            "name": "drawer",
            "children": [
                11
            ],
            "joint": {
                "type": "prismatic",
                "range": [
                    0.0,
                    0.23255794733100205
                ],
                "axis": {
                    "origin": [
                        -0.158508,
                        -0.683891,
                        0.205406
                    ],
                    "direction": [
                        -0.0,
                        0.0,
                        1.0
                    ]
                }
            },
            "objs": [
                "objs/16b93d86d1a466f5982e60c8d322ddd8f312056e_part_6.obj"
            ],
            "aabb": {
                "center": [
                    -0.15850783000000002,
                    -0.683891135,
                    0.005584859999999997
                ],
                "size": [
                    0.6182909,
                    0.15955439000000005,
                    0.4186044
                ]
            },
            "plys": [
                "plys/16b93d86d1a466f5982e60c8d322ddd8f312056e_part_6.ply"
            ]
        },
        {
            "id": 6,
            "parent": 0,
            "name": "handle",
            "children": [],
            "joint": {
                "type": "fixed",