{
    "meta": {
        "obj_cat": "armoire",
        "depth": 1,
        "n_arti_parts": 4,
        "n_revolute": 2,
        "n_continuous": 0,
        "n_prismatic": 0,
        "n_screw": 0,
        "n_diff_parts": 9,
        "tree_hash": "8eeca00e9c65c3f57b5ad2ee91f01cf2"
    },
    "diffuse_tree": [
        {
            "id": 0,
            "parent": 8,
            "name": "door",
            "children": [
                2
            ],
            "joint": {
                "type": "revolute",
                "range": [
                    0.0,
                    100.0
                ],
                "axis": {
                    "origin": [
                        -0.563234,
                        0.034033,
                        0.181444
                    ],
                    "direction": [
                        0.0,
                        -1.0,
                        0.0
                    ]
                }
            },
            "objs": [
                "objs/B07H8V49M2_part_2.obj"
            ],
            "aabb": {
                "center": [
                    -0.37341332,
                    0.03403310999999998,
                    0.19254405000000002
                ],
                "size": [
                    0.37964085999999997,
                    1.52405836,
                    0.02219950000000001
                ]
            },
            "plys": [
                "plys/B07H8V49M2_part_2.ply"
            ]
        },
        {
            "id": 1,
            "parent": 8,
            "name": "door",
            "children": [
                3
            ],
            "joint": {
                "type": "revolute",
                "range": [
                    0.0,
                    100.0
                ],
                "axis": {
                    "origin": [
                        0.563234,
                        0.034033,
                        0.181444
                    ],
                    "direction": [
                        0.0,
                        1.0,
                        0.0
                    ]
                }
            },
            "objs": [
                "objs/B07H8V49M2_part_3.obj"
            ],
            "aabb": {
                "center": [
                    0.37341332,
                    0.03403310999999998,
                    0.19254405000000002
                ],
                "size": [
                    0.37964085999999997,
                    1.52405836,
                    0.02219950000000001
                ]
            },
            "plys": [
                "plys/B07H8V49M2_part_3.ply"
            ]
        },
        {
            "id": 2,
            "parent": 0,
            "name": "knob",
            "children": [],
            "joint": {
                "type": "fixed",
                "range": [
                    0,
                    0.0
                ],
                "axis": {
                    "origin": [
                        0.0,
                        0.0,
                        0.0
                    ],
                    "direction": [
                        0.0,
                        0.0,
                        0.0
                    ]
                }
            },
            "objs": [
                "objs/B07H8V49M2_part_4.obj"
            ],
            "aabb": {
                "center": [
                    -0.21525777499999998,
                    0.034029735,
                    0.212364985
                ],
                "size": [
                    0.01145760999999998,
                    0.011450429999999998,
                    0.018226330000000013
                ]
            },
            "plys": [
                "plys/B07H8V49M2_part_4.ply"
            ]
        },
        {
            "id": 3,
            "parent": 1,
            "name": "knob",
            "children": [],
            "joint": {
                "type": "fixed",
                "range": [
                    0,
                    0.0
                ],
                "axis": {
                    "origin": [
                        0.0,
                        0.0,
                        0.0
                    ],
                    "direction": [
                        0.0,
                        0.0,
                        0.0
                    ]
                }
            },
            "objs": [
                "objs/B07H8V49M2_part_5.obj"
            ],
            "aabb": {
                "center": [
                    0.21525777499999998,
                    0.034029735,
                    0.212364985
                ],
                "size": [
                    0.01145760999999998,
                    0.011450429999999998,
                    0.018226330000000013
                ]
            },
            "plys": [
                "plys/B07H8V49M2_part_5.ply"
            ]
        },
        {
            "id": 4,
            "parent": 8,
            "name": "drawer",
            "children": [
                5
            ],
            "joint": {
                "type": "prismatic",
                "range": [
                    0.0,
                    0.21256097268941934
                ],
                "axis": {
                    "origin": [
                        -6.5e-05,
                        -0.49228,
                        0.192544
                    ],
                    "direction": [
                        0.0,
                        0.0,
                        1.0
                    ]
                }
            },
            "objs": [
                "objs/B07H8V49M2_part_6.obj"
            ],
            "aabb": {
                "center": [
                    -6.477500000000302e-05,
                    -0.492280115,
                    0.012339082499999987
                ],
                "size": [
                    0.36587905,
                    0.15361797,
                    0.38260975500000005
                ]
            },
            "plys": [
                "plys/B07H8V49M2_part_6.ply"
            ]
        },
        {
            "id": 5,
            "parent": 4,
            "name": "knob",
            "children": [],
            "joint": {
                "type": "fixed",
                "range": [
                    0,
                    0.0
                ],
                "axis": {
                    "origin": [
                        0.0,
                        0.0,
                        0.0
                    ],
                    "direction": [
                        0.0,
                        0.0,
                        0.0
                    ]
                }
            },
            "objs": [
                "objs/B07H8V49M2_part_7.obj"
            ],
            "aabb": {
                "center": [
                    -0.0008851199999999997,
                    -0.492278665,
                    0.212364985
                ],
                "size": [
                    0.01145762,
                    0.011450069999999979,
                    0.018226330000000013
                ]
            },
            "plys": [
                "plys/B07H8V49M2_part_7.ply"
            ]
        },
        {
            "id": 6,
            "parent": 7,
            "name": "knob",
            "children": [],
            "joint": {
                "type": "fixed",
                "range": [
                    0,
                    0.0
                ],
                "axis": {
                    "origin": [
                        0.0,
                        0.0,
                        0.0
                    ],
                    "direction": [
                        0.0,
                        0.0,
                        0.0
                    ]
                }
            },
            "objs": [
                "objs/B07H8V49M2_part_8.obj"
            ],